ITEM,PURCH_DT,SKU,COST,PRICE,BRAND,TYP,SUBTYP,DAMAGED,KEPT,DONATED
Tip,2000-01-01,O1,0.00,,,Other,Tip,,,
$10 T-Shirt,2022-01-01,C1,5.22,10.00,,Clothing,T-Shirts,,,
$10 T-Shirt,2022-01-01,C2,5.22,10.00,,Clothing,T-Shirts,,,
$10 T-Shirt,2022-01-01,C3,1.22,10.00,,Clothing,T-Shirts,,,
Adonna Purple Floral Nightgown,2022-01-01,C4,3.49,5.00,Adonna,Clothing,Nightgowns,,,
All About Cats Coffee Table Book,2022-01-01,D148,3.99,,Cats,Decor,Coffee Table Books,,,
Amber Glass Tumbler,2022-01-01,D149,2.49,7.00,,Decor,Tumblers,,,
Amber Glass Tumbler,2022-01-01,D150,2.49,7.00,,Decor,Tumblers,,,
Amelia Pink and White Striped Shirt,2022-01-01,C5,1.22,5.00,Amelia,Clothing,Button Up Shirts,,,
Anchor Hocking Yellow Milano Lido Honey Gold Crinkle Glass Set,2022-01-01,D1,12.98,,Anchor Hocking,Decor,Dishware Sets,,,
Ann Taylor Alligator Belt,2022-01-01,C6,5.22,11.00,Ann Taylor,Clothing,Leather Belts,,,
Ann Taylor Navy Polka Dot Mini Skirt,2022-01-01,C435,1.00,,Ann Taylor,Clothing,Mini Skirts,,,
At Last Floral Western Shirt,2022-01-01,C7,1.22,5.00,At Last,Clothing,Western Shirts,,,
Avon Greek Lady,2022-01-01,D2,3.49,19.00,Avon,Decor,Bottles,,,
Avon Lime Green Trinket Dish,2022-01-01,D3,1.49,,Avon,Decor,Trinket Dishes,,,
Avon Lime Green Trinket Dish,2022-01-01,D4,1.49,,Avon,Decor,Trinket Dishes,,,
Bebe Black Sherpa Jacket,2022-01-01,C9,4.22,,Bebe,Clothing,Sweaters,,,
Betsey Johnson Black Leather Purse,2022-01-01,C10,6.22,15.00,Betsey Johnson,Clothing,Satchels,,,
BFA Classics Red Hawaiian Dress,2022-01-01,C8,1.00,,BFA Classics,Clothing,Maxi Dresses,,,
Bill Blass Jeans Cropped Jean Jacket,2022-01-01,C11,6.99,25.00,Bill Blass,Clothing,Denim Jackets,,,
Black Bow Slip Dress,2022-01-01,C12,3.22,23.00,,Clothing,Slip Dresses,,,
Black Lace Robe,2022-01-01,C13,3.22,9.00,,Clothing,Robes,,,
Black Lace Slip,2022-01-01,C14,3.49,9.00,,Clothing,Slips,,,
Black Leather Eyeball Skirt,2022-01-01,C15,5.00,15.00,,Clothing,Mini Skirts,,,
Black Leather Square Toe Boots,2022-01-01,C16,9.22,29.00,,Clothing,Tall Boots,,,
Black Sequin Newsboy Cap,2022-01-01,C17,1.00,,,Clothing,Caps,,,
Black Sequin Silk Shirt,2022-01-01,C18,5.22,6.00,,Clothing,Blouses,,,
Black Slip Dress,2022-01-01,C19,3.22,15.00,,Clothing,Slip Dresses,,,
Black Slouchy Purse,2022-01-01,C20,6.22,7.00,,Clothing,Satchels,,,
Black Suede Leather Boots,2022-01-01,C21,9.22,21.00,,Clothing,Tall Boots,,,
Blue Embellished Vest,2022-01-01,C22,0.01,15.00,,Clothing,Vests,,,
Blue Golf Shorts,2022-01-01,C23,0.01,,,Clothing,Shorts,,,1
Brass BS Bull Belt Buckle,2022-01-01,C438,6.00,,,Clothing,Belt Buckles,,,
Brass Butterfly,2022-01-01,D5,0.50,5.00,,Decor,Wall Decor,,,
Brass Cat,2022-01-01,D6,7.00,15.00,,Decor,Figurines,,,
Brass Circle Tray,2022-01-01,D80,,,,Decor,Trays,,,
Brass Giraffe,2022-01-01,D7,5.49,19.00,,Decor,Figurines,,,
Brass Swan,2022-01-01,D8,4.22,13.00,,Decor,Figurines,,,
Brass Swan Large,2022-01-01,D9,4.22,19.00,,Decor,Figurines,,,
Brittania Acid Wash Mom Jeans,2022-01-01,C24,7.22,45.00,Brittania,Clothing,High Rise Jeans,,,
Brown Cowboy Boots,2022-01-01,C25,15.00,59.00,,Clothing,Cowboy Boots,1,,
Brown Leather Travel Bag,2022-01-01,C26,14.99,59.00,,Clothing,Duffel Bags,,,
California Dynasty Purple Floral Robe,2022-01-01,C27,5.22,25.00,California Dynasty,Clothing,Robes,,,
California Dynasty Purple Nightgown Set,2022-01-01,C28,6.49,30.00,California Dynasty,Clothing,Nightgowns,,,
Callaway Khaki Shorts,2022-01-01,C29,0.01,,Callaway,Clothing,Shorts,,,
Calvin Klein Medium Wash Denim High Rise Jeans,2022-01-01,C30,9.99,,Calvin Klein,Clothing,High Rise Jeans,,,
Carole Little Paisley Shirt,2022-01-01,C31,1.00,,Carole Little,Clothing,Blouses,,,1
Carved Stone Elephant Ash Tray,2022-01-01,D82,6.00,11.00,,Decor,Ashtrays,,,
Carved Stone Elephant Figurine,2022-01-01,D83,6.22,,,Decor,Figurines,,,
Cascade Blues High Rise Yellow Denim Jeans,2022-01-01,C32,9.99,,Cascade Blues,Clothing,High Rise Jeans,,,
Casey Coleman White Southwest Embroidered Shirt,2022-01-01,C33,5.22,5.00,Casey Coleman,Clothing,Button Up Shirts,,,
Cherry Creation Pink Lace Shirt,2022-01-01,C34,5.99,19.00,Cherry Creation,Clothing,Tank Tops,,,
Children's Books,2022-01-01,D10,6.98,,,Decor,Books,,,
Classic Blues Black Corduroy Button Down Shirt,2022-01-01,C35,5.22,17.00,Classic Blues,Clothing,Button Up Shirts,,,
Clay Cat Bread Mold,2022-01-01,D84,3.49,11.00,,Decor,Molds,,,
Clear Crystal Shell Trinket Dish,2022-01-01,D169,2.49,13.00,,Decor,Trinket Dishes,,,
Clear Crystal Taper Candle Holder,2022-01-01,D85,,2.00,,Decor,Candle Holders,,,
Clear Crystal Trinket Box,2022-01-01,D86,,15.00,,Decor,Trinket Boxes,,,
Clear Glass Square Decanter,2022-01-01,D170,5.49,25.00,,Decor,Decanters,,,
Clear Swung Glass Bud Vase,2022-01-01,D87,,7.00,,Decor,Vases,,,
Clear Votive Candle Holder,2022-01-01,D88,,7.00,,Decor,Candle Holders,,,1
Cobalt Blue Decanter,2022-01-01,D89,5.22,,,Decor,Decanters,,,
Cooke Street Black Hawaiian Shirt,2022-01-01,C36,5.49,,Cooke Street,Clothing,Hawaiian Shirts,,1,
Copper Cowboy Boot,2022-01-01,D11,4.00,,,Decor,Figurines,,,
Corelle Spring Meadow Mugs,2022-01-01,D175,1.98,,Corelle,Decor,Mugs,,,
Corning English Meadow Mugs,2022-01-01,D176,1.98,,Corning,Decor,Mugs,,,
Delicates Yellow Robe and Nightgown Set,2022-01-01,C37,4.22,15.00,Delicates,Clothing,Nightgowns,,,
Denim & Co Embroidered Denim Shirt,2022-01-01,C38,0.01,15.00,Denim & Co,Clothing,Blouses,,,
Diamondbacks National League Championship Baseball Cap,2022-01-01,C39,1.22,13.00,Diamandbacks,Clothing,Baseball Caps,,,
Dreamgirl Black Lace Robe,2022-01-01,C40,1.00,9.00,Dreamgirl,Clothing,Robes,,,
Duke Light Wash Jeans,2022-01-01,C41,6.22,,Duke,Clothing,Jeans,,,1
EJM Ltd Blue White Floral Wrap Dress,2022-01-01,C42,7.00,45.00,EJM Ltd,Clothing,Maxi Dresses,,,
EJM Ltd Structured Floral Midi Dress,2022-01-01,C43,7.00,49.00,EJM Ltd,Clothing,Maxi Dresses,,,
Erica Taylor Black Silky Tank Top,2022-01-01,C44,3.49,13.00,Erica Taylor,Clothing,Tank Tops,,,
Ermenegildo Zegna Green Italian Blazer,2022-01-01,C45,0.01,49.00,Ermenegildo Zegna,Clothing,Blazers,,,
Etienne Black and White Spotted Bodysuit,2022-01-01,C46,4.49,33.00,Etienne,Clothing,Bodysuits,,,
Express Tricot Black Wool Blend Sweater,2022-01-01,C47,6.99,19.00,Express,Clothing,Sweaters,,,
Faded Glory Denim Vest,2022-01-01,C48,0.01,29.00,Faded Glory,Clothing,Vests,,,
Fashion Nova Jumpsuit,2022-01-01,C49,1.00,,Fashion Nova,Clothing,Jumpsuits,,,
Fenton Hobnail Milk Glass Swung Pitcher,2022-01-01,D12,10.00,59.00,Fenton,Decor,Pitchers,,,
Gemco White Spice of Life Oil and Vinegar Holders,2022-01-01,D91,6.00,,Gemco,Decor,Dispensers,,,
Gemco White Spice of Life Salt and Pepper Shakers,2022-01-01,D92,2.00,,Gemco,Decor,Shakers,,,
Genuine Leather Brown Woven Belt,2022-01-01,C50,5.22,9.00,,Clothing,Leather Belts,,,
Gil & Co Black Velvet Blazer,2022-01-01,C51,6.22,,Gil & Co,Clothing,Blazers,,,
Glazed Clay Bean Pot,2022-01-01,D93,4.22,,,Decor,Pots,,,
Gold 3 Stone Ring,2022-01-01,C52,4.22,9.00,,Clothing,Rings,,,
Gold and Acrylic Taper Candle Holders,2022-01-01,D94,15.22,,,Decor,Candle Holders,,,
Gold and Pearl Clip On Earrings,2022-01-01,C57,3.00,5.00,,Clothing,Clip Ons,,,
Gold and Pearl Shoe Clips,2022-01-01,C58,3.22,9.00,,Clothing,Shoe Clips,,,
Gold Chain Necklace,2022-01-01,C434,6.00,,,Clothing,Necklaces,,,
Gold Chain Necklace,2022-01-01,C53,1.22,,,Clothing,Necklaces,,,
Gold Claddagh Necklace,2022-01-01,C439,,,,Clothing,Necklaces,,,
Gold Clasp Bracelet,2022-01-01,C436,0.00,,,Clothing,Bracelets,,,
Gold Coin Chain Belt,2022-01-01,C54,2.49,,,Clothing,Chain Belts,,,
Gold Earrings,2022-01-01,C55,3.22,7.00,,Clothing,Earrings,,,
Gold Mirror Tray,2022-01-01,D95,,35.00,,Decor,Trays,,,
Gold Rose Pin,2022-01-01,C56,3.00,,,Clothing,Pins,,,
Goodwood Wheat Lidded Serving Tray,2022-01-01,D96,6.22,,Goodwood,Decor,Serving Trays,,,
Greek Painted Salt and Pepper Shakers,2022-01-01,D189,6.00,11.00,,Decor,Shakers,,,
H&M Black Velvet Belt,2022-01-01,C59,1.00,,H&M,Clothing,Belts,,,1
Hammond Library World Atlas,2022-01-01,D190,,,Hammond Library,Decor,Atlases,,,
Hand Dyed Slip Dress,2022-01-01,C60,5.49,15.00,,Clothing,Slips,,,
Hand Dyed Slip Dress,2022-01-01,C61,5.49,15.00,,Clothing,Slips,,,
Harold's Black Silk Blend Shirt,2022-01-01,C62,5.99,17.00,Harold's,Clothing,Button Up Shirts,,,
Hilo Hattie Hawaiian Shirt,2022-01-01,C63,5.49,15.00,Hilo Hattie,Clothing,Hawaiian Shirts,,,
Hilo Hattie Hawaiian Shirt,2022-01-01,C64,5.49,15.00,Hilo Hattie,Clothing,Hawaiian Shirts,,,
Homco Gold Cherub,2022-01-01,D97,5.49,19.00,Homco,Decor,Wall Art,,,
Indiana Glass Company Avocado Green Diamond Point Goblets,2022-01-01,D193,5.96,43.00,Indiana Glass Company,Decor,Goblets,,,
Indiana Glass Company Clear Whitehall Pitcher,2022-01-01,D98,7.22,,Indiana Glass Company,Decor,Pitchers,,,
It Ain't Easy Purple Lace Shirt,2022-01-01,C65,5.99,,It Ain't Easy,Clothing,Tank Tops,,,
James Ingwerson Gary And Gretchen Framed Prints,2022-01-01,D195,12.00,29.00,James Ingwerson,Decor,Framed Art,,,
Jane Ashley Green Leather Vest,2022-01-01,C67,3.50,29.00,Jane Ashley,Clothing,Vests,,,
Jeanette Carnival Glass Serving Dish,2022-01-01,D13,5.22,11.00,Jeanette,Decor,Serving Dishes,,,
Jessica Green Nightgown Set,2022-01-01,C68,5.22,,Jessica Green,Clothing,Nightgowns,,,1
Jessica Howard Portrait Buttons Black Dress,2022-01-01,C69,1.00,,Jessica Howard,Clothing,Cocktail Dresses,,,
Jessica Simpson Pink Flowy Dress,2022-01-01,C70,1.22,5.00,Jessica Simpson,Clothing,Midi Dresses,,,
JO Intimates Pink Striped Floral Slip Dress,2022-01-01,C66,5.22,27.00,JO Intimates,Clothing,Slip Dresses,,,
John Meyer Red Blazer,2022-01-01,C71,6.99,29.00,John Meyer,Clothing,Blazers,,,
Jordache Black Jean Shorts,2022-01-01,C72,5.22,,Jordache,Clothing,Shorts,,,1
Kathryn Purple Floral Romper,2022-01-01,C73,6.49,23.00,Kathryn,Clothing,Rompers,,,
Lapis Cream Floral Beaded Dress,2022-01-01,C74,7.49,15.00,Lapis,Clothing,Mini Dresses,,,
Large Bamboo Tray,2022-01-01,D14,4.22,10.00,,Decor,Serving Trays,,,
Large Embellished Serving Bowl,2022-01-01,D99,5.22,,,Decor,Bowls,,,
Large Yellow Petal Plate,2022-01-01,D100,1.22,,,Decor,Plates,,,
Laura Adams White Silky Tank Top,2022-01-01,C75,3.49,15.00,Laura Adams,Clothing,Tank Tops,,,
Lauren Ralph Lauren Pink Silk Floral Skirt,2022-01-01,C76,6.49,,Ralph Lauren,Clothing,Mini Skirts,,,
Le Suit Houndsooth Pantsuit,2022-01-01,C77,1.00,,Le Suit,Clothing,Pantsuits,,,
Le Suit Striped Pantsuit,2022-01-01,C78,1.00,,Le Suit,Clothing,Pantsuits,,,
Le Suit Striped Pantsuit,2022-01-01,C79,1.00,,Le Suit,Clothing,Pantsuits,,,
Lee Dark Wash Denim Jeans,2022-01-01,C80,9.99,59.00,Lee,Clothing,High Rise Jeans,,,
Lee High Rise Khaki Mom Shorts,2022-01-01,C81,5.49,,Lee,Clothing,Shorts,,,
Leslie Fay Green and Red Paisley Midi Skirt,2022-01-01,C82,4.22,,Leslie Fay,Clothing,Midi Skirts,,,
Libbey Amber Tumblers,2022-01-01,D15,2.98,15.00,Libbey,Decor,Tumblers,,,
Libbey Black Irish Coffee Mugs,2022-01-01,D201,5.96,,Libbey,Decor,Mugs,,,
Libbey Cactus Margarita Glasses,2022-01-01,D202,2.98,19.00,Libbey,Decor,Margarita Glasses,,,
Libbey Cobalt Blue Rocks Glasses,2022-01-01,D204,1.98,,Libbey,Decor,Rocks Glasses,,,
Libbey Cobalt Blue Wine Glasses,2022-01-01,D205,1.98,,Libbey,Decor,Wine Glasses,,,
Libbey Floating Martini Glasses,2022-01-01,D90,1.98,15.00,Libbey,Decor,Martini Glasses,,,
Libbey Pink Wine Glasses,2022-01-01,D101,1.98,,Libbey,Decor,Wine Glasses,,,
Libbey Pink Wine Glasses,2022-01-01,D102,1.98,,Libbey,Decor,Wine Glasses,,,
Libbey Southwestern Pottery Tumblers,2022-01-01,D206,6.98,17.00,Libbey,Decor,Tumblers,,,
Light Blue Embroidered Nightgown,2022-01-01,C83,4.22,11.00,,Clothing,Nightgowns,,,
Light Pink Robe,2022-01-01,C84,3.22,15.00,,Clothing,Robes,,,
Light Yellow Nightgown,2022-01-01,C85,4.22,9.00,,Clothing,Nightgowns,,,
Limited Jeans Dark Wash Mom Jeans,2022-01-01,C86,14.99,,Limited Jeans,Clothing,High Rise Jeans,,,
Linea Pelle Genuine Leather Woven Brown Belt,2022-01-01,C87,6.49,9.00,Linea Pelle,Clothing,Leather Belts,,,
Little Levi's Blue Striped Shirt,2022-01-01,C88,1.22,13.00,Levi's,Clothing,T-Shirts,,,
Lorraine Light Blue Nightgown,2022-01-01,C89,4.22,9.00,Lorraine,Clothing,Nightgowns,,,
Lulu's Love Poem Ivory Lace Mini Dress,2022-01-01,C90,5.22,,Lulu's,Clothing,Mini Dresses,,,
Macrame Belt,2022-01-01,C91,1.00,,,Clothing,Woven Belts,,,
Macrame Belt,2022-01-01,C92,1.00,,,Clothing,Woven Belts,,,
Madeline Fringed Black Blazer,2022-01-01,C93,9.99,,Madeline,Clothing,Blazers,,,
Marble Obelisk,2022-01-01,D103,5.22,,,Decor,Figurines,,,
Marilyn Monroe Tan Purse,2022-01-01,C94,10.00,15.00,,Clothing,Totes,,,
Marlis White Bow Button Up Shirt,2022-01-01,C95,5.22,,Marlis,Clothing,Button Up Shirts,,,
Mindcode Black Bodycon Dress,2022-01-01,C96,6.22,,Mindcode,Clothing,Mini Dresses,,,
Mini Clear Petal Plate,2022-01-01,D104,0.99,,,Decor,Plates,,1,
Mini Whicker Furniture Set,2022-01-01,D105,4.22,,,Decor,Planters,,,
Miss Elaine Light Blue Robe,2022-01-01,C97,3.22,11.00,Miss Elaine,Clothing,Robes,,,
Miss Elaine Light Pink Nightgown,2022-01-01,C98,4.22,9.00,Miss Elaine,Clothing,Nightgowns,,,
Monkeypod Wood Bowl Serving Set,2022-01-01,D16,7.50,,,Decor,Bowls,,,
Natural Fiber Broom,2022-01-01,D106,,11.00,,Decor,Wall Art,,,
Noritake Olive Green Perspecitive Goblets,2022-01-01,D217,5.96,33.00,Noritake,Decor,Goblets,,,
Old Navy Brown Leather Bag,2022-01-01,C99,1.00,9.00,Old Navy,Clothing,Totes,,,
Partners Pink Robe,2022-01-01,C100,3.22,25.00,Partners,Clothing,Robes,,,
Partylite Brass Flat Candle Holders,2022-01-01,D107,,9.00,Partylite,Decor,Candle Holders,,,
Partylite Brass Flat Candle Holders,2022-01-01,D108,,9.00,Partylite,Decor,Candle Holders,,,
Pierre Cardin White Crochet Top,2022-01-01,C101,7.99,23.00,Pierre Cardin,Clothing,Blouses,,,
Pierre Cardin White Crochet Top,2022-01-01,C102,7.99,23.00,Pierre Cardin,Clothing,Blouses,,,
Pineapple Watch Ring,2022-01-01,C440,,,,Clothing,Rings,,,
Pres de Chamonix Light Wash Mom Jeans,2022-01-01,C103,7.22,59.00,Pres de Chamonix,Clothing,High Rise Jeans,,,
Preserved Butterfly Bamboo Coasters,2022-01-01,D17,4.49,,,Decor,Coasters,,,
Pure Silk Tropical Shirt,2022-01-01,C104,5.22,15.00,Pure,Clothing,Button Up Shirts,,,
Purple and Teal Embroidered Purse,2022-01-01,C106,1.22,5.00,,Clothing,Crossbody Bags,,,
Purple Cut Glass Goblet,2022-01-01,D109,3.22,,,Decor,Goblets,,,
Purple Tote Bag,2022-01-01,C105,1.00,5.00,,Clothing,Totes,,,
Pyrex Milk Glass Darby Green Mugs,2022-01-01,D224,5.49,33.00,Pyrex,Decor,Mugs,,,
Reader's Digest Great World Atlas,2022-01-01,D225,,,Reader's Digest,Decor,Coffee Table Books,,,
Rebecca Minkoff Steph Romper Slate Grey White Floral,2022-01-01,C107,6.22,,Rebecca Minkoff,Clothing,Rompers,,,
Red Beaded Heart Purse,2022-01-01,C108,6.00,17.00,,Clothing,Crossbody Bags,,,
Requirements White Blazer,2022-01-01,C109,6.22,49.00,Requirements,Clothing,Blazers,,,
Rose Ashtray,2022-01-01,D18,4.22,15.00,,Decor,Ashtrays,,,
Rose Brooch,2022-01-01,C110,3.00,,,Clothing,Brooches,,,
Rustler Black Jeans,2022-01-01,C111,7.22,35.00,Rustler,Clothing,High Rise Jeans,,,
Sassy Doll Tribal Shirt,2022-01-01,C112,5.22,,Sassy Doll,Clothing,Button Up Shirts,,,1
Silver Clasp Bracelet,2022-01-01,C437,0.00,,,Clothing,Bracelets,,,
Silver Cowhide Western Belt,2022-01-01,C113,5.22,9.00,,Clothing,Leather Belts,,,
Silver Teddy Bear Coin Bank,2022-01-01,D111,,13.00,,Decor,Coin Banks,,,
Starter 1996 Olympic Games Jacket,2022-01-01,C114,10.00,49.00,Starter,Clothing,Jackets,,,
Sugarfly Black Trench Coat,2022-01-01,C115,2.00,,Sugarfly,Clothing,Trench Coats,,,
Sun N Sand Pink Woven Purse,2022-01-01,C116,3.49,9.00,Sun N Sand,Clothing,Totes,,,
Sun Tea Jar with Spout,2022-01-01,D112,3.22,,,Decor,Pitchers,,,
Susan Lawrence Animal Print Robe,2022-01-01,C117,3.22,,Susan Lawrence,Clothing,Robes,,,1
Tall Blue Glass Vase,2022-01-01,D113,5.22,,,Decor,Vases,,,
Tan Crossbody Bag,2022-01-01,C118,8.49,19.00,,Clothing,Crossbody Bags,,,
Terracotta Cactus Wine Cooler,2022-01-01,D114,1.00,,,Decor,Wine Chillers,,1,
The Beauty of Cats Coffee Table Book,2022-01-01,D233,,,Cats,Decor,Coffee Table Books,,,
The Edwardians,2022-01-01,D236,,,,Decor,Books,,,
The Practical Gardener Coffee Table Book,2022-01-01,D238,,,Plants,Decor,Coffee Table Books,,,
Thin Brown Leather Woven Belt,2022-01-01,C119,5.22,7.00,,Clothing,Leather Belts,,,
Upcycled Vintage Tie Dye T-Shirt Determination,2022-01-01,C120,2.50,21.00,Upcycled,Clothing,T-Shirts,,,
Upcycled Vintage Tie Dye T-Shirt Respect,2022-01-01,C121,2.50,21.00,Upcycled,Clothing,T-Shirts,,,
Van Gogh Coffee Table Book,2022-01-01,D240,,,Van Gogh,Decor,Coffee Table Books,,,
Vanity Fair Teal Nightgown,2022-01-01,C122,4.22,9.00,Vanity Fair,Clothing,Nightgowns,,,
Vanity Fair Yellow Nightgown Set,2022-01-01,C123,4.22,11.00,Vanity Fair,Clothing,Nightgowns,,,
Vanity Fair Yellow Robe,2022-01-01,C124,3.22,15.00,Vanity Fair,Clothing,Robes,,,
Victoria's Secret Black and White Bodysuit,2022-01-01,C125,6.49,35.00,Victoria's Secret,Clothing,Bodysuits,,,
Victoria's Secret Pink Floral Silk Dress,2022-01-01,C126,6.49,39.00,Victoria's Secret,Clothing,Slip Dresses,,,
Victoria's Secret Pink Silk Slip Dress,2022-01-01,C127,5.49,33.00,Victoria's Secret,Clothing,Slip Dresses,,,
Victoria's Secret Pink Silk Tank Top,2022-01-01,C128,5.99,21.00,Victoria's Secret,Clothing,Tank Tops,,,
Victoria's Secret Red Floral Lingerie Set,2022-01-01,C129,5.99,29.00,Victoria's Secret,Clothing,Lingerie Sets,,,
Victoria's Secret Sport Jacket,2022-01-01,C130,7.22,,Victoria's Secret,Clothing,Sweaters,,,
Victoria's Secret White Embellished Slip Dress,2022-01-01,C131,6.49,35.00,Victoria's Secret,Clothing,Slip Dresses,,,
Wacoal White Lacy Lingerie Bodysuit,2022-01-01,C132,5.49,19.00,Wacoal,Clothing,Bodysuits,,,
Westmoreland Taper Candle Holders,2022-01-01,D116,,,Westmoreland,Decor,Candle Sticks,,,
Westmoreland White Swung Vse,2022-01-01,D117,,,Westmoreland,Decor,Vases,,,
White Floral Slip Dress,2022-01-01,C133,5.22,25.00,,Clothing,Slip Dresses,,,
White Genuine Leather Belt,2022-01-01,C134,5.22,9.00,,Clothing,Leather Belts,,,
White Lace Dress,2022-01-01,C135,7.00,,,Clothing,Maxi Dresses,,,
White Lace Embroidery Set,2022-01-01,D81,5.49,17.00,,Decor,Wall Art,,,
White Lace Robe,2022-01-01,C136,7.00,,,Clothing,Robes,,,
White Walking Jacket,2022-01-01,C137,2.22,,,Clothing,Rain Coats,,,1
Woolruch Women Black Floral Button Up,2022-01-01,C138,5.22,13.00,Woolruch,Clothing,Button Up Shirts,,,
Wrangler for Women Black Denim Shorts,2022-01-01,C139,6.00,19.00,Wrangler,Clothing,Shorts,,,
Xhilaration Platform Flip Flops,2022-01-01,C140,3.00,,Xhilaration,Clothing,Flip Flops,,,
Green Golf Shorts,2022-04-01,C141,0.01,15.00,,Clothing,Shorts,,,
Libbey Cardinals Glasses,2022-04-01,D19,4.00,19.00,Libbey,Decor,Tumblers,,,
Mexican Tote Bag,2022-04-01,C142,0.01,5.00,,Clothing,Totes,,,
Libbey Squiggle Stem Martini Glasses,2022-05-01,D20,2.98,19.00,Libbey,Decor,Martini Glasses,,,
Brass Floral Candle Holder,2022-06-01,D163,5.49,17.00,,Decor,Candle Holders,,,
Clear Glass Tall Decanter,2022-06-01,D171,5.49,21.00,,Decor,Decanters,,,
$5 Shirt,2023-01-01,C143,1.00,5.00,,Clothing,T-Shirts,,,
A History of English Literature,2023-01-01,D245,,,,Decor,Textbooks,,,
Alabaster Trinket Box,2023-01-01,D21,5.49,15.00,,Decor,Trinket Boxes,,,
An Inquiry into the Intimate Lives of Women,2023-01-01,D151,3.29,,,Decor,Books,,,
Arizona A Picture Memory Coffee Table Book,2023-01-01,D155,,,Arizona,Decor,Coffee Table Books,,,
Arizona Large Coffee Table Book,2023-01-01,D160,,,Arizona,Decor,Coffee Table Books,,,
Beaded Necklace,2023-01-01,C144,6.00,,,Clothing,Necklaces,,,
Black Floral Scarf,2023-01-01,C145,4.22,,,Clothing,Scarves,,,
Black Floral Scarf,2023-01-01,C146,4.22,,,Clothing,Scarves,,,
Black Lace Scarf,2023-01-01,C147,4.22,7.00,,Clothing,Scarves,,,
Black Lace Scarf,2023-01-01,C148,4.22,7.00,,Clothing,Scarves,,,
Brass Cauldron,2023-01-01,D22,2.49,13.00,,Decor,Planters,,,
Brass Small Taper Candlesticks,2023-01-01,D23,5.22,19.00,,Decor,Candle Sticks,,,
Clear Cherub Taper Candle Holder,2023-01-01,D119,5.49,15.00,,Decor,Candle Holders,,,
Clear Square Tiny Taper Candle Holders,2023-01-01,D120,,,,Decor,Candle Holders,,,
Colony Park Lane Amber Mini Goblets,2023-01-01,D26,1.98,13.00,Colony,Decor,Goblets,,,
Essentials of English Grammar,2023-01-01,D180,5.99,,,Decor,Textbooks,,,
Globe,2023-01-01,D24,5.22,20.00,,Decor,Globes,,,
Gold Circles Necklace,2023-01-01,C441,,,,Clothing,Necklaces,,,
Gold Hoop Earrings,2023-01-01,C149,3.22,5.00,,Clothing,Earrings,,,
Gold Stop Watch Necklace,2023-01-01,C442,,,,Clothing,Necklaces,,,
Homco Honeycomb Fairy Lamp,2023-01-01,D25,7.49,,Homco,Decor,Fairy Lamps,,,
Horses and Men,2023-01-01,D192,,,,Decor,Books,,,
Impressions Tan Patterned Midi Skirt,2023-01-01,C150,4.22,,Impressions,Clothing,Midi Skirts,,,
Indiana Glass Company Tiara Sandwich Amber Goblets,2023-01-01,D27,6.98,17.00,Indiana Glass Company,Decor,Goblets,,,
Indiana Glass Company Tiara Sandwich Amber Mini Goblets,2023-01-01,D28,4.98,15.00,Indiana Glass Company,Decor,Goblets,,,
Large Gold Bangle,2023-01-01,C443,,,,Clothing,Bracelets,,,
Lee Stretch Waist Denim Shorts,2023-01-01,C151,5.22,29.00,Lee,Clothing,Shorts,,,
Libbey Amber Flower Tumblers,2023-01-01,D29,2.98,,Libbey,Decor,Tumblers,,,
Libbey Amber Wine Glasses,2023-01-01,D30,2.98,,Libbey,Decor,Wine Glasses,,,
Libbey Blue Squiggle Martini Glasses,2023-01-01,D118,,,Libbey,Decor,Martini Glasses,,,
Libbey Cactus Margarita Glasses,2023-01-01,D31,2.98,19.00,Libbey,Decor,Margarita Glasses,,,
Libbey Cactus Margarita Glasses Set,2023-01-01,D32,7.96,25.00,Libbey,Decor,Margarita Glasses,,,
Libbey Southwest Patterned Tumblers,2023-01-01,D33,5.96,25.00,Libbey,Decor,Tumblers,,,
Libbey Squiggle Stem Margarita Glasses,2023-01-01,D34,2.98,15.00,Libbey,Decor,Margarita Glasses,,,
Libbey Squiggle Stem Martini Glasses,2023-01-01,D35,2.98,15.00,Libbey,Decor,Martini Glasses,,,
Libbey Squiggle Stem Martini Glasses,2023-01-01,D211,1.98,,Libbey,Decor,Martini Glasses,,,
Liz Claiborne Khaki Button Down Midi Skirt,2023-01-01,C152,4.22,,Liz Claiborne,Clothing,Midi Skirts,,,
Liz Wear Knitted White Vest,2023-01-01,C153,3.22,19.00,Liz Claiborne,Clothing,Vests,,,
Macrame Vase,2023-01-01,D36,3.49,,,Decor,Vases,,,
Macrame Vase,2023-01-01,D37,2.49,,,Decor,Vases,,,
Macrame Vase,2023-01-01,D38,1.49,,,Decor,Vases,,,
Mini Round Globe,2023-01-01,D121,,,,Decor,Globes,,,
Norman Rockwell Illustrator Coffee Table Book,2023-01-01,D218,3.29,,,Decor,Coffee Table Books,,,
North American Indian Mythology  Coffee Table Book,2023-01-01,D219,,,,Decor,Coffee Table Books,,,
Notations Black Velvet Midi Skirt,2023-01-01,C154,4.22,,Notations,Clothing,Midi Skirts,,,
Principles of Physical Geology,2023-01-01,D223,,,,Decor,Textbooks,,,
Real Comfort Brown Sheath Dress,2023-01-01,C155,7.22,21.00,Real Comfort,Clothing,Midi Dresses,,,
Reitmans Black and White Patterned Midi Skirt,2023-01-01,C156,4.22,,Reitmans,Clothing,Midi Skirts,,,
Rubbermaid 1.5 Quart Avocado Green Pitcher,2023-01-01,D39,3.49,,Rubbermaid,Decor,Pitchers,,,
Sag Harbor Brown Plaid Wool Shorts,2023-01-01,C157,6.98,29.00,Sag Harbor,Clothing,Shorts,,,
Strawberry Pie Plate,2023-01-01,D122,,,,Decor,Pie Pans,,,
Syroco Gold Painted Butterfly Wall Decor,2023-01-01,D40,12.00,21.00,Syroco,Decor,Wall Decor,,,
Teal Wine Glasses,2023-01-01,D123,5.96,35.00,,Decor,Wine Glasses,,,
The Bobbsey Twins,2023-01-01,D234,,,,Decor,Books,,,
The Bobbsey Twins at the Seashore,2023-01-01,D235,,,,Decor,Books,,,
The Illustrated Encyclopedia of House Plants Coffee Table Book,2023-01-01,D237,,,Plants,Decor,Coffee Table Books,,,
The Vanishing Shadow,2023-01-01,D239,,,,Decor,Books,,,
Victoria's Secret Gold Robe,2023-01-01,C158,8.49,,Victoria's Secret,Clothing,Robes,,,
Western Garden Book Coffee Table Book,2023-01-01,D243,,,Plants,Decor,Coffee Table Books,,,
Bill Blass Jeans Oversized Streetwear Trucker Denim Jacket,2023-03-01,C159,8.49,49.00,Bill Blass,Clothing,Denim Jackets,,,
Champion SDSU Cropped T-Shirt,2023-03-01,C160,5.99,,Champion,Clothing,T-Shirts,,,
Lauren Ralph Lauren Monogramed Shirt,2023-03-01,C161,3.00,19.00,Ralph Lauren,Clothing,Button Up Shirts,,,
Prego Acid Wash Stretch Waist Denim Skirt,2023-03-01,C162,4.49,29.00,Prego,Clothing,Mini Skirts,,,
T Party Cream Floral Dress,2023-03-01,C163,7.49,,T Party,Clothing,Mini Dresses,,,
Turquoise Bolo Tie,2023-03-01,C164,10.00,,,Clothing,Bolo Ties,,,
Vanna White Beaded Dress,2023-03-01,C165,5.00,129.00,Vanna White,Clothing,Cocktail Dresses,,,
Wilsons Black Leather Jacket,2023-03-01,C166,6.50,69.00,Wilsons,Clothing,Jackets,,,
Morgan Taylor Fantasies Sheer Black Embroidered Floral Crop Top,2023-03-28,C167,5.99,,Morgan Taylor Fantasies,Clothing,Tank Tops,,,
University of Oregon Ducks College White Sweatshirt,2023-03-28,C168,3.99,,,Clothing,Sweatshirts,,,
All That Jazz Black Cocktail Dress,2023-04-01,C169,9.99,,All That Jazz,Clothing,Cocktail Dresses,,,
Allison Daley Lightweight Mixed Animal Print Long Sleeve Collared Shirt,2023-04-01,C170,2.98,15.00,Allison Daley,Clothing,Button Up Shirts,,,
Ann Taylor Loft Black Silk Blend Velvet Midi Skirt,2023-04-01,C171,9.99,,Ann Taylor Loft,Clothing,Midi Skirts,,,
August Silk Blue Silk Knit Short Sleeve Shirt,2023-04-01,C172,3.50,5.00,August Silk,Clothing,Blouses,,,
B Darlin Black Cocktail Dress,2023-04-01,C173,5.49,35.00,B Darlin,Clothing,Cocktail Dresses,,,
Bissou Bissou Gold Snakeskin Pointed Toe Heels,2023-04-01,C174,5.22,,Bissou Bissou,Clothing,Heels,,,
Black Leather Cowboy Boots,2023-04-01,C175,8.49,49.00,,Clothing,Cowboy Boots,,,
Black Silk Floral Embroidered Blazer,2023-04-01,C176,2.00,5.00,,Clothing,Blazers,,,
Blenko Emerald Green Pebbled Glass Tray,2023-04-01,D41,4.75,35.00,Blenko,Decor,Ashtrays,,,
Blue Floral Cover Up,2023-04-01,C177,3.50,17.00,,Clothing,Cover Ups,,,
Boston Proper Sleeveless Maxi Dress,2023-04-01,C178,9.99,,Boston Proper,Clothing,Maxi Dresses,,,
Brown Floral Silk Scarf,2023-04-01,C179,3.49,,,Clothing,Scarves,,,
Cabela's Dark Wash Mom Jeans,2023-04-01,C180,5.00,,Cabela's,Clothing,High Rise Jeans,,,
Carpet Bag Tote Purse,2023-04-01,C181,3.49,,,Clothing,Totes,,,
Caslon Mom Jeans,2023-04-01,C182,13.99,,Caslon,Clothing,High Rise Jeans,,,
Chico's Brown Leather Chain Belt,2023-04-01,C183,7.49,,Chico's,Clothing,Chain Belts,,,
Counterparts Rainbow Cardigan,2023-04-01,C184,6.00,45.00,Counterparts,Clothing,Cardigans,,,
Crazy Horse Jeans Liz Claiborne Red Denim Straight Leg Jeans,2023-04-01,C185,4.49,,Liz Claiborne,Clothing,High Rise Jeans,,,
Crystal Butterfly Butter Dish,2023-04-01,D42,6.49,,,Decor,Butter Dishes,,,
Cupcakes and Cashmere Black Suede Dress,2023-04-01,C186,0.01,,Cupcakes and Cashmere,Clothing,Midi Dresses,,,
DJ Summers Brown Tank Dress,2023-04-01,C187,4.98,29.00,DJ Summers,Clothing,Cocktail Dresses,,,
Esprit De Corp Black Red Plaid Schoolgirl Mini Skirt,2023-04-01,C189,4.15,,Esprit De Corp,Clothing,Mini Skirts,,,
EVR Green Silk Jacket,2023-04-01,C188,4.00,55.00,EVR,Clothing,Jackets,,,
Faithfull the Brand Arietta Green Floral Midi Dress,2023-04-01,C190,5.99,,Faithfull the Brand,Clothing,Midi Dresses,,,
Genuine Leather Brown Woven Belt,2023-04-01,C191,6.49,9.00,,Clothing,Leather Belts,,,
Genuine Leather Brown Woven Belt with Gold Accents,2023-04-01,C192,5.49,,,Clothing,Leather Belts,,1,
Geoffrey Beene Sport Black Denim Jeans,2023-04-01,C193,6.00,,Geoffrey Beene,Clothing,High Rise Jeans,,,1
Gilligan O'Malley Sleepwear Black Velvet Robe,2023-04-01,C194,3.99,13.00,Gilligan O'Malley ,Clothing,Robes,,,
Gold Leaf Chain Belt,2023-04-01,C195,7.49,,,Clothing,Chain Belts,,,
Honors Black Leather Woven Belt,2023-04-01,C196,6.00,15.00,Honors,Clothing,Leather Belts,,,
Jeuvre Red Polka Dot Dress,2023-04-01,C197,0.01,,Jeuvre,Clothing,Midi Dresses,,,
Joan Leslie Beaded Sequined Black Floral Silk Cocktail Dress,2023-04-01,C198,14.96,49.00,Joan Leslie,Clothing,Cocktail Dresses,,,
Jones New York Black Maxi Dress,2023-04-01,C199,5.00,25.00,Jones New York,Clothing,Maxi Dresses,,,
Juicy Couture Sheer Black Patterned Long Sleeve Button Down Shirt,2023-04-01,C200,8.99,15.00,Juicy Couture,Clothing,Button Up Shirts,,,
Juliet Michelle Tan Leather Jacket with Fur,2023-04-01,C201,19.99,,Juliet Michelle,Clothing,Winter Coats,,,
Kendall and Kylie Green Plaid Mini Dress,2023-04-01,C202,5.49,,Kendall and Kylie,Clothing,Mini Dresses,,,
Kenneth Cole Cream Genuine Snake Skin Leather Belt,2023-04-01,C203,6.00,15.00,Kenneth Cole,Clothing,Leather Belts,,,
Lauren Ralph Lauren Black Monogram Embroidered Oversized Cardigan,2023-04-01,C204,12.99,49.00,Ralph Lauren,Clothing,Cardigans,,,
Lemongrass Tan Suede Shirt,2023-04-01,C205,4.98,25.00,Lemongrass,Clothing,Button Up Shirts,,,
Light Blue Silky Slip Dress,2023-04-01,C206,2.49,,,Clothing,Slip Dresses,,,
Liz Claiborne Tan Suede Shirt,2023-04-01,C207,6.99,,Liz Claiborne,Clothing,Button Up Shirts,,,
NYCC Brown Cream Plaid Wool Blend Pencil Mini Skirt,2023-04-01,C208,6.99,,NYCC,Clothing,Mini Skirts,,,
Orange Roses Robe,2023-04-01,C209,2.99,19.00,,Clothing,Robes,,,
Oscar de la Renta Purple Floral Scarf,2023-04-01,C210,4.49,,Oscar de la Renta,Clothing,Scarves,,,
Personal Petites Yellow Wool Trousers,2023-04-01,C211,4.49,25.00,Personal Petites,Clothing,Trousers,,,
Princess Polly White Floral Dress,2023-04-01,C212,7.00,,Princess Polly,Clothing,Mini Dresses,1,,
Sam Edelman Black Floral Midi Dress,2023-04-01,C213,5.49,,Sam Edelman,Clothing,Midi Dresses,,,
Studio Works Khaki Drawstring Pants,2023-04-01,C214,1.75,,Studio Works,Clothing,Pants,,,
Superdown Light Blue Mini Dress,2023-04-01,C215,2.00,,Superdown,Clothing,Mini Dresses,,,
The Totes Coat Tan Trench Coat,2023-04-01,C216,5.99,33.00,The Totes Coat,Clothing,Trench Coats,,,
Urban Outfitters Red Linen Bodycon Mini Spaghetti Strap Dress,2023-04-01,C217,7.00,,Urban Outfitters,Clothing,Mini Dresses,,,
Val Mode Lingerie White Romper,2023-04-01,C218,5.99,29.00,Val Mode,Clothing,Rompers,,,
Vibe Textured Brown Button Up Long Sleeve Blazer,2023-04-01,C219,4.98,,Vibe,Clothing,Blazers,,,
Victoria's Secret Green Long Sheer Dress,2023-04-01,C220,8.99,35.00,Victoria's Secret,Clothing,Maxi Dresses,,,
Victoria's Secret Yellow Floral Robe,2023-04-01,C221,8.99,,Victoria's Secret,Clothing,Robes,,,
White Floral Nightgown,2023-04-01,C222,3.00,,,Clothing,Nightgowns,,,
White Sheer Embroidered Flowy Tie Front Shirt,2023-04-01,C223,3.49,,,Clothing,Blouses,,,
White Woven Scarf,2023-04-01,C224,2.00,,,Clothing,Scarves,,,
Woven Straw Purse,2023-04-01,C225,4.49,15.00,,Clothing,Totes,,,
Woven Straw Purse with Bamboo Handles,2023-04-01,C226,2.49,,,Clothing,Totes,,,
Xposure Black Silk Floral Jacket,2023-04-01,C227,3.50,59.00,Xposure,Clothing,Jackets,,,
Black Silk Sequined Butterfly Shirt,2023-04-02,C228,7.99,49.00,,Clothing,Blouses,,,
Indira Black Floral Sheer Button Down Maxi Dress,2023-04-02,C229,12.99,,Indira,Clothing,Maxi Dresses,,,
Maggy London Black Floral Tie Back Midi Dress,2023-04-02,C230,7.29,29.00,Maggy London,Clothing,Midi Dresses,,,
Robbie Bee Black Floral Button Down Maxi Dress,2023-04-02,C231,7.29,23.00,Robbie Bee,Clothing,Maxi Dresses,,,
Ariat Ladies Heritage Western Black Leather R Toe Deertan Boot,2023-04-03,C232,19.98,,Ariat,Clothing,Cowboy Boots,,,
Bill Blass Jeans Oversized Streetwear Trucker Denim Jacket Y2K,2023-04-03,C233,6.98,49.00,Bill Blass,Clothing,Denim Jackets,,,
Champion Black Reverse Weave Cropped Sweatshirt,2023-04-11,C234,8.97,,Champion,Clothing,Sweatshirts,,,
Free People Black Floral Ponderosa Flare Mini Dress,2023-04-11,C235,22.97,,Free People,Clothing,Mini Dresses,,,
2 Much LA White Lace Top,2023-04-17,C236,5.99,,2 Much LA,Clothing,Tank Tops,,1,
Liz Claiborne Liz Wear Jeans,2023-04-17,C237,5.99,55.00,Liz Claiborne,Clothing,High Rise Jeans,,,
Sadie & Sage White Crochet Top,2023-04-17,C238,7.99,21.00,Sadie & Sage,Clothing,Tank Tops,,,
Weavers White Lace Top,2023-04-17,C239,7.99,19.00,Weavers,Clothing,Blouses,,,
Gold Bolo Tie,2023-04-27,C240,10.00,,,Clothing,Bolo Ties,,1,
Tigerseye Bolo Tie,2023-04-27,C241,14.00,,,Clothing,Bolo Ties,,1,
Brass Picture Stand,2023-05-01,D43,5.00,29.00,,Decor,Art Displays,,,
Brass Sand Timer,2023-05-01,D165,2.49,19.00,,Decor,Timers,,1,
Brown Bead Long Necklace,2023-05-01,C242,5.22,13.00,,Clothing,Necklaces,,,
Brown Bead Necklace,2023-05-01,C243,5.22,15.00,,Clothing,Necklaces,,,
Brown Carved Bead Necklace,2023-05-01,C244,6.00,15.00,,Clothing,Necklaces,,,
Dynasty Brown Leather Vest,2023-05-01,C245,8.00,21.00,Dynasty,Clothing,Vests,,,
Gold Pearl Heart Necklace,2023-05-01,C246,5.22,15.00,,Clothing,Necklaces,,1,
Gold Pearl Heart Necklace,2023-05-01,C247,5.22,15.00,,Clothing,Necklaces,,,
Gold Smoky Pendant Necklace,2023-05-01,C248,5.00,15.00,,Clothing,Necklaces,,,
Heavy Gold Chain Necklace,2023-05-01,C249,12.00,21.00,,Clothing,Necklaces,,,
Lady Captive Black Leather Belt,2023-05-01,C250,3.00,15.00,Lady Captive,Clothing,Leather Belts,,,
Liz Claiborne Accessories Genuine Leather Cream Tan Cross Body Purse,2023-05-01,C251,7.49,,Liz Claiborne,Clothing,Crossbody Bags,,1,
Liz Claiborne White Irish Linen Shirt,2023-05-01,C252,2.99,,Liz Claiborne,Clothing,Button Up Shirts,,1,
Mini Globe,2023-05-01,D44,6.00,,,Decor,Globes,,,
Monet Print,2023-05-01,D45,4.22,35.00,Claude Monet,Decor,Framed Art,,,
Paris Blues Dark Wash Denim Shorts,2023-05-01,C526,3.49,29.00,Paris Blues,Clothing,Shorts,,,
Pfaltzgraff Cream Coffee Cups,2023-05-01,D46,8.00,15.00,Pfaltzgraff,Decor,Mugs,,,
Requirements Crochet Top,2023-05-01,C253,6.00,,Requirements,Clothing,Blouses,,,
White Bead Necklace,2023-05-01,C254,5.00,15.00,,Clothing,Necklaces,,,
Clio Leather Black Trench Coat,2023-05-02,C255,19.99,89.00,Clio,Clothing,Trench Coats,,,
Gemilli White Cardigan,2023-05-02,C256,3.99,19.00,Gemilli,Clothing,Cardigans,,,
Wilsons Maxima Black Leather Mini Skirt,2023-05-02,C257,14.99,,Wilsons,Clothing,Mini Skirts,,1,
Mavi Low Rise Denim Skirt,2023-05-08,C258,3.00,25.00,Mavi,Clothing,Mini Skirts,,,
Misha Collection Cream Low Back Dress,2023-05-08,C259,5.00,,Misha Collection,Clothing,Mini Dresses,,,
Cherokee Acid Wash Mom Jeans,2023-05-15,C260,7.49,,Cherokee,Clothing,High Rise Jeans,1,,
Guess Cut Off Denim Shorts,2023-05-15,C261,7.99,35.00,Guess,Clothing,Shorts,,,
Hooters Black T-shirt,2023-05-15,C262,5.99,,Hooters,Clothing,T-Shirts,,,
Teal Floral Slip Dress,2023-05-15,C263,5.99,29.00,,Clothing,Slip Dresses,,,
White Floral Lace Slip,2023-05-15,C264,4.49,21.00,,Clothing,Slips,,,
Libbey Cactus Margarita Glasses,2023-05-16,D203,2.98,19.00,Libbey,Decor,Margarita Glasses,,,
Libbey Squiggle Stem Martini Glasses,2023-05-16,D207,4.98,19.00,Libbey,Decor,Martini Glasses,,,
Libbey Squiggle Stem Martini Glasses,2023-05-16,D208,4.98,19.00,Libbey,Decor,Martini Glasses,,,
Libbey Squiggle Stem Martini Glasses,2023-05-16,D209,2.98,,Libbey,Decor,Martini Glasses,,,
Zodiac Strap Purse,2023-05-16,C265,7.49,35.00,,Clothing,Crossbody Bags,,,
Allison Daley Black Floral Button Down Shirt,2023-05-17,C266,3.49,15.00,Allison Daley,Clothing,Button Up Shirts,,,
BDG Wide Leg Jeans,2023-05-17,C267,7.49,,BDG,Clothing,Jeans,,1,
Black Cotton T-Shirt,2023-05-17,C268,3.49,,,Clothing,T-Shirts,,,
Black Cotton T-Shirt,2023-05-17,C269,3.49,,,Clothing,T-Shirts,,,
Black Cotton T-Shirt,2023-05-17,C270,3.49,19.00,,Clothing,T-Shirts,,,
Blenko Yellow Glass Bowls,2023-05-17,D47,3.98,,Blenko,Decor,Bowls,,,
Brown Corduroy Blazer,2023-05-17,C271,5.99,29.00,,Clothing,Blazers,,,
Jaclyn Smith Black Floral Button Up Shirt,2023-05-17,C272,4.99,19.00,Jaclyn Smith,Clothing,Button Up Shirts,,,
Kathryn Pink Robe,2023-05-17,C273,3.99,,Kathryn,Clothing,Robes,,,
Marsh Landing Black Leather Vest,2023-05-17,C274,5.99,21.00,Marsh Landing,Clothing,Vests,,,
Playgirl Pink Tank Top,2023-05-17,C275,4.99,,Playgirl,Clothing,Tank Tops,,1,
Rivalry Threads Cream Sherpa ASU Sweater,2023-05-17,C276,6.99,,ASU,Clothing,Sweaters,,,
Active Stuff Tribal Activewear Set,2023-05-19,C277,2.25,39.00,Active Stuff,Clothing,Activewear,,,
Gold 1995 Ring,2023-05-20,C278,4.31,7.00,,Clothing,Rings,,,
Beth Michaels Green Slip Dress,2023-05-21,C279,4.49,13.00,Beth Michaels,Clothing,Slip Dresses,,,
Brown and Gold Stretchy Belt,2023-05-21,C280,2.49,9.00,,Clothing,Belts,,,
DOM Bald Eagle T-Shirt,2023-05-21,C281,3.99,,DOM,Clothing,T-Shirts,,1,
Faded Glory Crochet Tank Top,2023-05-21,C282,12.99,25.00,Faded Glory,Clothing,Tank Tops,,,
Pink Tie Die T-Shirt,2023-05-21,C283,3.49,,,Clothing,T-Shirts,,1,
Tsunami Khaki Shorts,2023-05-21,C284,4.99,,Tsunami,Clothing,Shorts,,,1
Wrangler for Women Black Denim Shorts,2023-05-21,C285,3.99,19.00,Wrangler,Clothing,Shorts,,,
Coach Brown Clutch Wallet,2023-05-23,C286,8.49,29.00,Coach,Clothing,Wallets,,,
Doc Martin Slip On Ankle Boots,2023-05-23,C287,39.99,,Doc Martin,Clothing,Ankle Boots,,1,
H&M x Smiley Bleached Jeans,2023-05-23,C288,6.99,29.00,H&M,Clothing,Jeans,,,
Hazel Moon Pink Cherry Crop Top,2023-05-23,C289,3.99,,Hazel Moon,Clothing,Crop Tops,,,
Victoria's Secret Pink Long Nightgown Set,2023-05-23,C290,6.48,49.00,Victoria's Secret,Clothing,Nightgowns,,,
Virgo Tropical Tie Front Top,2023-05-23,C291,5.99,15.00,Virgo,Clothing,Blouses,,,
Nordstrom Brown Velvet Shirt,2023-05-25,C292,2.00,13.00,Nordstrom,Clothing,Button Up Shirts,,,
Avon Greek Lady,2023-06-01,D125,2.49,23.00,Avon,Decor,Bottles,,,
Basset Hound Figurine,2023-06-01,D126,3.49,,,Decor,Figurines,,,
Black Western Belt,2023-06-01,C540,3.49,,,Clothing,Belts,,,
Brass Bow Votive Holder,2023-06-01,D127,2.29,,,Decor,Candle Holders,,,
Greater Phoenix Coffee Table Book,2023-06-01,D188,,,Arizona,Decor,Coffee Table Books,,,
Jim Beam American Gothic Art Bottle,2023-06-01,D197,4.00,,Jim Beam,Decor,Bottles,,,
Phoenix Suns Tumbler Glasses,2023-06-01,D221,4.49,,Phoenix Suns,Decor,Tumblers,,,
Pride and Prejudice,2023-06-01,D222,,,Jane Austin,Decor,Books,,,
Sense and Sensibility,2023-06-01,D230,,,Jane Austin,Decor,Books,,,
Soup Recipe Cups,2023-06-01,D128,9.96,39.00,,Decor,Mugs,,,
The Adventures of Mr. Mocker,2023-06-01,D232,,,,Decor,Books,,,
Alexandra Nicole Black Floral Tank Top,2023-06-02,C293,2.49,,Alexandra Nicole,Clothing,Tank Tops,,,
California Dynasty Pink Floral Robe,2023-06-02,C294,3.49,23.00,California Dynasty,Clothing,Robes,,,
Partners Black Patterned Robe,2023-06-02,C295,3.49,33.00,Partners,Clothing,Robes,,,
White Leather Cowboy Boots,2023-06-03,C296,10.00,49.00,,Clothing,Cowboy Boots,,,
Croquet Club Striped Tank Top,2023-06-04,C297,3.49,15.00,Croquet Club,Clothing,Tank Tops,,,
Naturalizer Black Square Toe Boots,2023-06-04,C298,12.79,33.00,Naturalizer,Clothing,Ankle Boots,,,
Paris Blues Denim Shorts,2023-06-04,C299,3.49,,Paris Blues,Clothing,Shorts,,,
Sheer Black Tie Front Top,2023-06-04,C300,3.49,,,Clothing,Blouses,,,
Betsey Johnson Orange Beach Mini Shift Dress,2023-06-05,C301,19.97,35.00,Betsey Johnson,Clothing,Mini Dresses,,,
Eileen Fisher Keno Platform Sandal,2023-06-05,C302,39.97,59.00,Eileen Fisher,Clothing,Sandals,,,
Jeffrey Campbell Acetate Wedge Mule,2023-06-05,C303,18.97,59.00,Jeffrey Campbell,Clothing,Wedges,,,
$10 T-Shirt,2023-06-07,C304,3.99,10.00,,Clothing,T-Shirts,,,
$10 T-Shirt,2023-06-07,C305,3.99,10.00,,Clothing,T-Shirts,,,
$10 T-Shirt,2023-06-07,C306,3.49,10.00,,Clothing,T-Shirts,,,
$10 T-Shirt,2023-06-07,C307,2.49,10.00,,Clothing,T-Shirts,,,
$10 T-Shirt,2023-06-07,C308,2.49,10.00,,Clothing,T-Shirts,,,
$10 T-Shirt,2023-06-07,C309,2.29,10.00,,Clothing,T-Shirts,,,
Bamboo Tray,2023-06-07,D49,1.49,7.00,,Decor,Serving Trays,,,
Black Sheer Shirt,2023-06-07,C310,2.49,13.00,,Clothing,Blouses,,,
Black Thin Beaded Western Belt,2023-06-07,C311,7.49,19.00,,Clothing,Belts,,,
Brown Beaded Belt,2023-06-07,C312,2.49,13.00,,Clothing,Belts,,,
Brown Beaded Top,2023-06-07,C313,7.99,23.00,,Clothing,Blouses,,,
California Dynasty Black Slip Dress,2023-06-07,C314,3.49,23.00,California Dynasty,Clothing,Slip Dresses,,,
Carolyn Taylor Pink Knitted Vest,2023-06-07,C315,5.99,13.00,Carolyn Taylor,Clothing,Vests,,,
Chance Encounters Purple and Teal Sweatshirt,2023-06-07,C316,4.99,,Chance Encounters,Clothing,Sweatshirts,,,
Conrad Black Floral Button Up Shirt,2023-06-07,C317,3.49,15.00,Conrad,Clothing,Button Up Shirts,,,
Copper Key Lime Green Top,2023-06-07,C318,9.99,25.00,,Clothing,Blouses,,,
Country Suburbans White Knitted Shirt,2023-06-07,C319,3.49,15.00,Country Suburbans,Clothing,Blouses,,,
Diamandbacks Purple Logo T-Shirt,2023-06-07,C320,5.29,,Diamandbacks,Clothing,T-Shirts,,,
Disco Ball,2023-06-07,O2,8.75,10.00,,Other,Disco Ball,,,
Fanatics Black ASU Shirt,2023-06-07,C321,6.49,,ASU,Clothing,T-Shirts,,,
Green Beaded Purse,2023-06-07,C322,7.49,29.00,,Clothing,Chain Purses,,,
INC Black Box Purse,2023-06-07,C323,7.49,25.00,INC,Clothing,Chain Purses,,,
Lee Vintage Wash High Rise Jeans,2023-06-07,C324,4.49,33.00,Lee,Clothing,High Rise Jeans,,,
Levi's 505 Relaxed Fit Shorts,2023-06-07,C325,2.49,25.00,Levi's,Clothing,Shorts,,,
Mountain Landscape Painting,2023-06-07,D51,31.99,,,Decor,Framed Art,,1,
Paquette Jungle Tie Front Top,2023-06-07,C326,3.49,15.00,Paquette,Clothing,Button Up Shirts,,,
Sag Harbor Cheetah Lined Denim Shirt,2023-06-07,C327,3.49,19.00,Sag Harbor,Clothing,Blouses,,,
Shein Pink Swim Suit Set,2023-06-07,C328,7.99,,Shein,Clothing,Bathing Suits,,1,
Silver Western Belt,2023-06-07,C329,7.49,19.00,,Clothing,Belts,,,
Studio I Yellow Floral Top,2023-06-07,C330,7.99,21.00,Studio I,Clothing,Blouses,,,
Yellow Horse T-Shirt,2023-06-07,C331,2.49,,,Clothing,T-Shirts,,1,
$10 T-Shirt,2023-06-08,C332,1.00,10.00,,Clothing,T-Shirts,,,
$10 T-Shirt,2023-06-08,C333,1.00,10.00,,Clothing,T-Shirts,,,
Black Leather Cowboy Boots,2023-06-08,C334,12.79,49.00,,Clothing,Cowboy Boots,,,
Gold Bangles,2023-06-08,C335,3.00,5.00,,Clothing,Bracelets,,,
Gold Bangles,2023-06-08,C336,2.00,5.00,,Clothing,Bracelets,,,
Gold Bangles,2023-06-08,C337,1.00,2.50,,Clothing,Bracelets,,,
Gold Bangles,2023-06-08,C338,1.00,2.50,,Clothing,Bracelets,,,
Gold Bangles,2023-06-08,C339,1.00,2.50,,Clothing,Bracelets,,,
Gold Decorative Tissue Box,2023-06-08,D52,5.00,15.00,,Decor,Tissue Boxes,,,
Gold Open Hoop Earrings,2023-06-08,C340,1.00,,,Clothing,Earrings,,,
Jim Beam Art Bottle,2023-06-08,D53,4.00,15.00,Jim Beam,Decor,Bottles,,,
Rainbow Leather Belt,2023-06-08,C341,2.00,15.00,,Clothing,Leather Belts,,,
Rainforest Cafe Jungle Shirt,2023-06-08,C342,3.00,,Rainforest Café,Clothing,T-Shirts,,1,
Silver Beaded Necklace,2023-06-08,C343,4.50,,,Clothing,Necklaces,,,
Teddi Dog Button Down Shirt,2023-06-08,C344,3.00,,Teddi,Clothing,Button Up Shirts,,1,
$10 T-Shirt,2023-06-09,C345,6.00,10.00,,Clothing,T-Shirts,,1,
Beaded Choker Necklace,2023-06-09,C346,6.00,15.00,,Clothing,Necklaces,,,
Beaded Choker Necklace,2023-06-09,C347,6.00,15.00,,Clothing,Necklaces,,,
Black Western Belt,2023-06-09,C348,6.00,15.00,,Clothing,Belts,,,
Coach Wedge Flip Flops,2023-06-09,C349,12.00,19.00,Coach,Clothing,Wedges,,,
Diamondbacks Purple T-Shirt,2023-06-09,C350,6.00,,Diamandbacks,Clothing,T-Shirts,,1,
Dodger ASU Shorts,2023-06-09,C351,6.00,,ASU,Clothing,Activewear,,,
Dooney and Bourke Black Leather Purse,2023-06-09,C352,10.00,49.00,Dooney and Bourke,Clothing,Totes,,,
Gold 2000 Pin,2023-06-09,C353,3.00,,,Clothing,Brooches,,,
Gold Circle Chain Necklace,2023-06-09,C354,4.00,15.00,,Clothing,Necklaces,,,
Gold Crystal Heart Necklace,2023-06-09,C355,3.00,,,Clothing,Necklaces,,,
Gold Pounded Metal Ring,2023-06-09,C356,3.00,7.00,,Clothing,Rings,,,
Hugging Xisses Black Sheer Button Down,2023-06-09,C357,5.00,15.00,Hugging Xisses,Clothing,Button Up Shirts,,,
Jones New York Green Floral Silk Skirt,2023-06-09,C358,6.00,25.00,Jones New York,Clothing,Midi Skirts,,,
Le Coq Sportif Black Sheer Midi Skirt,2023-06-09,C359,8.00,15.00,Le Coq Sportif,Clothing,Midi Skirts,,,
Tweeds Black Crushed Velvet Maxi Dress,2023-06-09,C360,10.00,33.00,Tweeds,Clothing,Maxi Dresses,,,
Victoria's Secret Green Silk Slip Dress,2023-06-09,C361,4.00,,Victoria's Secret,Clothing,Slip Dresses,,,
Vino de Casa Black Velvet Midi Skirt,2023-06-09,C362,6.00,,Vino de Casa,Clothing,Midi Skirts,,,
Wet Seal Crochet Tank Top,2023-06-09,C363,6.00,19.00,Wet Seal,Clothing,Tank Tops,,,
$10 T-Shirt,2023-06-11,C364,2.00,10.00,,Clothing,T-Shirts,,,
Ann Taylor Brown Suede Mini Skirt,2023-06-11,C365,5.00,35.00,Ann Taylor,Clothing,Mini Skirts,,,
Black Embroidered Square Scarf,2023-06-11,C366,0.50,,,Clothing,Scarves,,,
Black Lace Tank Top,2023-06-11,C367,1.50,,,Clothing,Tank Tops,,,
Black Mini Beaded Tote,2023-06-11,C368,2.00,,,Clothing,Totes,,,
Black Square Scarf,2023-06-11,C369,0.50,,,Clothing,Scarves,,,
Brandon Thomas Black Suede Jacket,2023-06-11,C370,6.00,,Brandon Thomas,Clothing,Jackets,,,
Brown Leather Heart Belt,2023-06-11,C371,2.00,,,Clothing,Belts,,,
Cipriani Black Leather Belt,2023-06-11,C372,2.00,,Cipriani,Clothing,Belts,,,
Clio White Silk Shirt,2023-06-11,C373,1.00,,Clio,Clothing,Blouses,,,
Don't Stop Embroidered Jeans,2023-06-11,C374,10.49,49.00,Don't Stop,Clothing,High Rise Jeans,,,
Eddie Bauer White Lace Top,2023-06-11,C375,2.50,,Eddie Bauer,Clothing,Button Up Shirts,,,
Isaac Mizrahi Black Cashmere Sweater,2023-06-11,C376,2.00,,Isaac Mizrahi,Clothing,Sweaters,,,
La Belle Plaid Blazer,2023-06-11,C377,12.99,,Le Belle,Clothing,Blazers,,,
Levi's 502 Dark Wash High Rise Jeans,2023-06-11,C380,7.49,65.00,Levi's,Clothing,High Rise Jeans,,,
Levi's 517 Low Rise Jeans,2023-06-11,C378,18.99,49.00,Levi's,Clothing,Low Rise Jeans,,,
Levi's 560 Straight Leg Jeans,2023-06-11,C379,10.49,45.00,Levi's,Clothing,High Rise Jeans,,,
Notations White Button Down Shirt,2023-06-11,C381,0.50,,Notations,Clothing,Button Up Shirts,,,
Outdoor Products Black Embroidered ASU Backpack,2023-06-11,C382,4.00,,Outdoor Products,Clothing,Backpacks,,,
Rampage Cheetah Print Skirt,2023-06-11,C383,2.50,29.00,Rampage,Clothing,Mini Skirts,,,
Reversible Leather Belt,2023-06-11,C384,4.49,,,Clothing,Belts,,,
Social Awareness White ASU Shirt,2023-06-11,C444,1.50,,ASU,Clothing,T-Shirts,,,
Tommy Bahama Silk Leaves Shirt,2023-06-11,C385,4.00,29.00,Tommy Bahama,Clothing,Button Up Shirts,,,
Victoria's Secret White Silk Shorts,2023-06-11,C386,2.00,,Victoria's Secret,Clothing,Pajama Shorts,,1,
Wrangler Dark Wash Jeans,2023-06-11,C387,13.99,69.00,Wrangler,Clothing,High Rise Jeans,,,
Bonjour High Rise Jeans,2023-06-12,C388,6.00,45.00,Bonjour,Clothing,High Rise Jeans,,,
Walt Disney World 101 Dalmations Sweatshirt,2023-06-12,C389,6.00,,Disney,Clothing,Sweatshirts,,1,
White Cat Sweatshirt,2023-06-12,C390,0.25,,,Clothing,Sweatshirts,,1,
All Hours White Eyelet Button Down,2023-06-13,C391,4.98,,All Hours,Clothing,Button Up Shirts,,,
Arizona Purple Cactus T-Shirt,2023-06-13,C392,2.79,,Arizona,Clothing,T-Shirts,,,
Black Crochet Dress,2023-06-13,C393,8.99,,,Clothing,Mini Dresses,,,
Black Hills Cycle Sturgis Classic T-Shirt,2023-06-13,C394,5.99,,Black Hills Cycle,Clothing,T-Shirts,,,
Brown Leather Jacket,2023-06-13,C395,19.96,39.00,,Clothing,Leather Jackets,,,
Cache Cheetah Print Sequin Tank Top,2023-06-13,C397,3.98,29.00,Cache,Clothing,Tank Tops,,,
CATS Logo Black T-Shirt,2023-06-13,C396,3.99,,CATS,Clothing,T-Shirts,1,,
Cream Macrame Purse,2023-06-13,C398,4.98,,,Clothing,Woven Bags,,,
Extra Large Gold Hoops,2023-06-13,C399,7.99,,,Clothing,Earrings,,,
Gold Swirl Hoop Earrings,2023-06-13,C400,6.99,,,Clothing,Earrings,,,
Harley Davidson American Heritage T-Shirt,2023-06-13,C401,5.99,,Harley Davidson,Clothing,T-Shirts,,,
Karnold Grey Silk Button Down,2023-06-13,C402,4.98,23.00,Karnold,Clothing,Button Up Shirts,,,
Norton McNaughton Black Velvet Cheetah Print Shirt,2023-06-13,C403,4.48,25.00,Norton McNaughton,Clothing,Blouses,,,
Ralph Ralph Lauren Yellow Floral Tank Top,2023-06-13,C404,5.29,,Ralph Lauren,Clothing,Tank Tops,,,
Reading Rocks Tie-Die T-Shirt,2023-06-13,C405,2.79,,,Clothing,T-Shirts,,,
Reversible Cow Skull Western Belt,2023-06-13,C406,9.99,,,Clothing,Belts,,,
Silver Phoenix Chain Belt,2023-06-13,C407,2.98,,,Clothing,Chain Belts,,,
Western Garden Book Paperback,2023-06-13,D54,3.99,,Plants,Decor,Coffee Table Books,,,
World's Greatest Literature Count of Monte Cristo,2023-06-13,D55,5.99,,World's Greatest Literature,Decor,Books,,,
World's Greatest Literature Ivanhoe,2023-06-13,D56,5.99,,World's Greatest Literature,Decor,Books,,,
World's Greatest Literature Poe,2023-06-13,D57,5.99,,World's Greatest Literature,Decor,Books,,,
Xhilaration Black Woven Purse,2023-06-13,C408,4.98,,Xhilaration,Clothing,Woven Bags,,,
$10 Arizona Purple Southwest Dancer T-Shirt,2023-06-14,C411,2.99,,Arizona,Clothing,T-Shirts,,,
$10 Spirit of the Wolf T-Shirt,2023-06-14,C409,2.99,,,Clothing,T-Shirts,,,
$10 Terrier T-Shirt,2023-06-14,C410,2.99,,,Clothing,T-Shirts,,,
Brass Large Planter,2023-06-14,D58,8.00,,,Decor,Planters,,1,
Brass Pitcher with Handle,2023-06-14,D59,5.99,35.00,,Decor,Pitchers,,,
Brown Chain Square Silk Scarf,2023-06-14,C412,3.00,,,Clothing,Scarves,,,
Brown Full Grain Leather Gold Embellished Belt,2023-06-14,C413,4.00,,,Clothing,Leather Belts,,,
Bugle Boy Baggy Fit Jeans,2023-06-14,C417,9.99,55.00,Bugle Boy,Clothing,Wide Leg Jeans,,,
City Triangles Black Sparkly Dress,2023-06-14,C414,8.99,,City Triangles,Clothing,Mini Dresses,,,
Clear Glass Vessel with Silver Embellished Lid,2023-06-14,D60,5.99,11.00,,Decor,Vessels,,,
Express Black Leather Oversized Clutch,2023-06-14,C415,4.00,,Express,Clothing,Clutches,,,
Express Wide Genuine Leather Woven Belt,2023-06-14,C416,4.00,,Express,Clothing,Leather Belts,,,
Gold Cross Earrings,2023-06-14,C418,3.00,7.00,,Clothing,Earrings,,,
Gold Large Dangle Earrings,2023-06-14,C419,3.00,,,Clothing,Earrings,,,
Isaac Mizrahi Tan Suede Midi Skirt,2023-06-14,C420,3.99,39.00,Isaac Mizrahi,Clothing,Midi Skirts,,,
Levi's Silver Tab Wide Leg Jeans,2023-06-14,C421,9.99,69.00,Levi's,Clothing,Wide Leg Jeans,,,
Liz Claiborne Cream Ribbed Long Sleeve Shirt,2023-06-14,C422,3.99,,Liz Claiborne,Clothing,Long Sleeve Shirts,,,
Macrame Turtle Purse,2023-06-14,C423,10.00,,,Clothing,Crossbody Bags,,,
Museum of Fine Arts Tan Paisley Scarf,2023-06-14,C424,3.00,,Museum of Fine Arts,Clothing,Scarves,,,
Nicole Miller Yellow Floral Midi Dress,2023-06-14,C425,8.99,,Nicole Miller,Clothing,Midi Dresses,,,
Silver and Turquiose Ring,2023-06-14,C426,3.00,,,Clothing,Rings,,1,
Tuff Tee UofA Grey Tank Top,2023-06-14,C427,2.99,,UofA,Clothing,Tank Tops,,,
White Shell Leaves Necklace,2023-06-14,C428,6.00,,,Clothing,Necklaces,,,
Black Eelskin Crossbody Bag,2023-06-15,C429,5.00,,,Clothing,Crossbody Bags,,,
Black Eelskin Crossbody Bag with Pockets,2023-06-15,C430,5.00,,,Clothing,Crossbody Bags,,,
Cats and All About Them,2023-06-15,D129,2.00,,,Decor,Books,,,
DeGrazia Magnet,2023-06-15,D61,1.00,,DeGrazia,Decor,Magnets,,1,
DeGrazia Magnet,2023-06-15,D62,1.00,,DeGrazia,Decor,Magnets,,1,
DeGrazia Magnet,2023-06-15,D63,1.00,,DeGrazia,Decor,Magnets,,1,
DeGrazia Magnet,2023-06-15,D64,1.00,,DeGrazia,Decor,Magnets,,,
DeGrazia Magnet,2023-06-15,D65,1.00,,DeGrazia,Decor,Magnets,,,
DeGrazia The Irreverent Angel Coffee Table Book,2023-06-15,D66,3.00,,DeGrazia,Decor,Coffee Table Books,,,
Grosset & Dunlap A Tale of Two Cities Illustrated Book,2023-06-15,D67,3.00,,Charles Dickens,Decor,Books,,1,
Grosset & Dunlap Anderson's Fairy Tales Illustrated Book,2023-06-15,D68,3.00,,Hans Christian Anderson,Decor,Books,,,
Grosset & Dunlap Black Beauty Illustrated Book,2023-06-15,D69,3.00,,Anna Sewell,Decor,Books,,,
Grosset & Dunlap Heidi Illustrated Book,2023-06-15,D70,3.00,,Johanna Spyri,Decor,Books,,,
Grosset & Dunlap Robinson Crusoe Illustrated Book,2023-06-15,D71,3.00,,Daniel Defoe,Decor,Books,,,
Hill and Archer Brown Leather Jacket,2023-06-15,C431,10.00,,Hill and Archer,Clothing,Leather Jackets,,,
Laredo Brown Cowboy Boots,2023-06-15,C432,20.00,,Laredo,Clothing,Cowboy Boots,,,
Random House Tales of Edgar Allen Poe,2023-06-15,D72,3.00,,Edgar Allan Poe,Decor,Books,,,
Salvador Dali Coffee Table Book,2023-06-15,D73,3.00,,Salvador Dali,Decor,Coffee Table Books,,,
Stylebuilt Purfume Bottle,2023-06-15,D74,20.00,,Stylebuilt,Decor,Purfume Bottles,,,
Stylebuilt Vessel,2023-06-15,D75,15.00,,Stylebuilt,Decor,Vessels,,,
The World of DeGrazia Coffee Table Book,2023-06-15,D76,3.00,19.00,DeGrazia,Decor,Coffee Table Books,,,
US Airforce Green Button Down,2023-06-15,C433,5.00,,Airforce,Clothing,Button Up Shirts,,,
Yellow Phoenix Wall Hanging,2023-06-15,D77,5.00,,,Decor,Wall Hangings,,,
Blenko Green Water Bottle Pitcher,2023-06-16,D130,6.49,49.00,Blenko,Decor,Pitchers,,,
Carved Wooden Bowl,2023-06-16,D131,6.49,,,Decor,Bowls,,,
Clear Votive and Taper Candle Holders,2023-06-16,D132,2.75,9.00,,Decor,Candle Holders,,,
Elk Brand Denim Mini Skirt,2023-06-16,C445,4.49,,Elk Brand,Clothing,Midi Skirts,,,
John Paul Richard Black Floral Maxi Dress,2023-06-16,C446,5.99,35.00,John Paul Richard,Clothing,Maxi Dresses,,,
Lee Relaxed Fit Jeans,2023-06-16,C447,8.49,45.00,Lee,Clothing,Jeans,,,
No Boundaries Black Platform Sandals,2023-06-16,C448,7.79,,No Boundaries,Clothing,Sandals,,,
Begonia Crewel,2023-06-17,D133,2.00,,,Decor,Crewels,,,
Bouquet of Flowers Crewel,2023-06-17,D134,2.00,,,Decor,Crewels,,,
Brass Pocket Change Collector,2023-06-17,D135,6.00,21.00,,Decor,Trinket Dishes,,,
Brown Stripped Knitted Blanket,2023-06-17,D136,6.00,,,Decor,Knitted Blankets,,,
Kathy Ireland Brown Velvet Shirt,2023-06-17,C449,4.00,23.00,Kathy Ireland,Clothing,Button Up Shirts,,,
Miller Stockman Riveted Denim Blazer,2023-06-17,C450,2.00,,Miller Stockman,Clothing,Blazers,,,
Nannette Keller Black Linen Maxi Dress,2023-06-17,C451,5.00,39.00,Nannette Keller,Clothing,Maxi Dresses,,,
Newport News Black and White Sweater Set,2023-06-17,C452,3.00,,Newport News,Clothing,Sweaters,,1,
Newport News Lime Green Silk Shirt,2023-06-17,C453,2.00,,Newport News,Clothing,Long Sleeve Shirts,,,
Prayer Plant Crewel,2023-06-17,D137,2.00,,,Decor,Crewels,,,
Reed Hill Black Horse Sweater,2023-06-17,C454,8.00,,Reed Hill,Clothing,Sweaters,,,
Southwest Canyon Riveted Denim Shirt,2023-06-17,C455,2.00,,Southwest Canyon,Clothing,Long Sleeve Shirts,,,
The Complete Book of Baking,2023-06-17,D138,2.00,,,Decor,Coffee Table Books,,,
TWH Cropped White Knitted Cardigan,2023-06-17,C456,3.00,,TWH,Clothing,Cardigans,,,
Venus Statue,2023-06-17,D139,4.00,23.00,,Decor,Figurines,,,
Wanted Painted Horse Silk Shirt,2023-06-17,C457,5.00,,Wanted,Clothing,Long Sleeve Shirts,,,
White Crochet Skirt,2023-06-17,C458,3.00,,,Clothing,Mini Skirts,,1,
Brass and Mother of Pearl Candle Sticks,2023-06-18,D140,21.25,59.00,,Decor,Candle Sticks,,,
Large Brass Swan,2023-06-18,D141,25.50,59.00,,Decor,Figurines,,,
Mini Brass Whale,2023-06-18,D142,5.95,,,Decor,Figurines,,,
1928 Gold Flower Necklace,2023-06-19,C459,3.75,,1928,Clothing,Necklaces,,,
Black Crystal Cross Belt,2023-06-19,C460,18.75,,,Clothing,Leather Belts,,,
Brass Enameled Napkin Rings,2023-06-19,D143,2.25,,,Decor,Napkin Rings,,,
Free People Black Lace Sports Bra,2023-06-19,C461,2.00,,Free People,Clothing,Bras,,1,
Gold Beaded Necklace,2023-06-19,C462,3.75,,,Clothing,Necklaces,,,
Milly Black and White Bow Dress,2023-06-19,C463,5.00,29.00,Milly,Clothing,Midi Dresses,,,
Mini Pearl Long Necklace,2023-06-19,C464,4.50,,,Clothing,Necklaces,,,
Childcraft Children's Books 1-5,2023-06-20,D144,11.45,,,Decor,Book Sets,,,
Gold Butterfly Necklace,2023-06-20,C465,3.99,,,Clothing,Necklaces,,,
Gold Double D Chain Belt,2023-06-20,C466,3.99,,,Clothing,Chain Belts,,,
Abercrombie Distressed Denim Jacket,2023-06-21,C467,1.35,,Abercrombie,Clothing,Denim Jackets,,,
Ann Taylor Brown Hook Belt,2023-06-21,C468,1.35,,Ann Taylor,Clothing,Leather Belts,,,
ASU Pussy Fork T-Shirt,2023-06-21,C469,1.35,,ASU,Clothing,T-Shirts,,,
Black Mesh Cover Up Dress,2023-06-21,C470,1.35,13.00,,Clothing,Cover Ups,,,
Black Suede Belt,2023-06-21,C471,1.35,,,Clothing,Leather Belts,,,
Bronze Woven Leather Belt,2023-06-21,C472,1.35,,,Clothing,Leather Belts,,,
Bryan Pink Baby Dress,2023-06-21,C473,1.35,,Bryan,Clothing,Baby Dresses,,1,
Butterfly Poncho,2023-06-21,C474,1.35,,,Clothing,Ponchos,,,
Cato White Lace Cover Up,2023-06-21,C475,1.35,,Cato,Clothing,Cover Ups,,,
Ed Hardy Black Bomber Jacket,2023-06-21,C476,1.35,,Ed Hardy,Clothing,Bomber Jackets,,,
Fruit of the Loom White Sweatshirt,2023-06-21,C477,1.35,,Fruit of the Loom,Clothing,Sweatshirts,,,
Green Satin Tie Sleeve Tank Top,2023-06-21,C478,1.35,,,Clothing,Tank Tops,,,
Handmade Retro Yellow Floral Dress,2023-06-21,C479,1.35,,,Clothing,Mini Dresses,,,
Jacqueline Ferrar Wide Black Leather Belt,2023-06-21,C480,1.35,,Jacqueline Ferrar,Clothing,Leather Belts,,,
Jamie Scott White Knitted Sweater,2023-06-21,C481,1.35,,Jamie Scott,Clothing,Sweaters,,,
JC Penny Embriodered Skirt Slip,2023-06-21,C482,1.35,,JC Penny,Clothing,Slips,,,
John Paul Richard Blue Floral Silk Midi Skirt,2023-06-21,C483,1.35,,John Paul Richard,Clothing,Midi Skirts,,,
Lee Brown Suede Button Down Shirt,2023-06-21,C484,1.35,,Lee,Clothing,Button Up Shirts,,,
Macrame Wall Hanging,2023-06-21,D145,1.35,,,Decor,Wall Hangings,,1,
Macrame Wall Hanging,2023-06-21,D146,1.35,,,Decor,Wall Hangings,,1,
Mango Green Trench Coat,2023-06-21,C485,1.35,,Mango,Clothing,Trench Coats,,,
Miss Elliette Black Lace Midi Dress,2023-06-21,C486,1.35,,Miss Elliette,Clothing,Midi Dresses,,,
Missell White Knitted Sweater,2023-06-21,C487,1.35,,Missell,Clothing,Sweaters,,,
Objex Black Mesh Long Sleeve Shirt,2023-06-21,C488,1.35,,Objex,Clothing,Long Sleeve Shirts,,,
Quicksilver Blue Swim Shorts,2023-06-21,C489,1.35,,Quicksilver,Clothing,Bathing Suits,,,
Red White and Blue Knitted Blanket,2023-06-21,D147,1.35,,,Decor,Knitted Blankets,,,
Rustler Blue Jeans,2023-06-21,C490,1.35,39.00,Rustler,Clothing,Jeans,,,
Sheer Black  Floral Reversible Skirt,2023-06-21,C491,1.35,25.00,,Clothing,Maxi Skirts,,,
Toddle Time Green Baby Dress,2023-06-21,C492,1.35,,Toddle Time,Clothing,Baby Dresses,,1,
Victoria's Secret Blue Floral Teddy,2023-06-21,C493,1.35,,Victoria's Secret,Clothing,Teddies,,,
Victoria's Secret White Sheer Teddy,2023-06-21,C494,1.35,,Victoria's Secret,Clothing,Teddies,,,
White Wrapped Hook Belt,2023-06-21,C495,1.35,,,Clothing,Woven Belts,,,
Wild Fable Cropped Purple Sweater,2023-06-21,C496,1.35,,Wild Fable,Clothing,Sweaters,,,
Zara Sheer Long Sleeve Shirt,2023-06-21,C497,1.35,,Zara,Clothing,Long Sleeve Shirts,,,
Arizona History Print,2023-06-22,D156,0.95,,Arizona,Decor,Prints,,,
Arizona History Print,2023-06-22,D157,0.95,,Arizona,Decor,Prints,,,
Arizona History Print,2023-06-22,D158,0.95,,Arizona,Decor,Prints,,,
Arizona History Print Teddy Roosevelt,2023-06-22,D159,0.95,,Arizona,Decor,Prints,,1,
Champion Pink Longue Set,2023-06-22,C512,7.99,,Champion,Clothing,Lounge Sets,,1,
Clear Crystal Ashtray,2023-06-22,D168,5.49,15.00,,Decor,Ashtrays,,,
Flower Frog,2023-06-22,D181,1.00,,,Decor,Flower Frogs,,,
Flower Frog,2023-06-22,D182,1.00,,,Decor,Flower Frogs,,,
Gold and Capiz Photo Frame,2023-06-22,D183,1.00,15.00,,Decor,Photo Frames,,,
Gold Photo Frame,2023-06-22,D185,1.00,9.00,,Decor,Photo Frames,,,
Grand Knitwear Light Blue Baby Sweater,2023-06-22,C519,2.49,,Grand Knitwear,Clothing,Baby Sweaters,,1,
Large Aspen Tree Landscape Painting,2023-06-22,D198,17.49,,,Decor,Framed Art,,,
Libbey Amber Rocks Glasses,2023-06-22,D199,1.00,15.00,Libbey,Decor,Rocks Glasses,,,
Libbey Amber Rocks Glasses,2023-06-22,D200,1.00,15.00,Libbey,Decor,Rocks Glasses,,,
Tommy Hilfiger Black Heeled Mary Janes,2023-06-22,C536,6.79,,Tommy Hilfiger,Clothing,Mary Janes,,,
Black and Gold Beaded Shawl,2023-06-24,C505,7.50,35.00,,Clothing,Shawls,,,
Black and Red Floral Oriental Dress,2023-06-24,C506,7.50,,,Clothing,Maxi Dresses,,,
Brass Duck Bookends,2023-06-24,D162,10.00,29.00,,Decor,Bookends,,,
Brass Swan Planters,2023-06-24,D166,7.50,69.00,,Decor,Figurines,,,
Esprit Tan Tote Bag,2023-06-24,C517,6.00,,Esprit De Corp,Clothing,Totes,,,
Gold Embellished Photo Frame,2023-06-24,D184,1.00,15.00,,Decor,Photo Frames,,,
Pink Pearl Necklace,2023-06-24,C527,4.00,,,Clothing,Necklaces,,,
Purple Beaded Shawl,2023-06-24,C528,7.50,,,Clothing,Shawls,,,
Stone Vase,2023-06-24,D231,2.25,,,Decor,Vases,,,
Wedgwood Blue Cherubs Plate,2023-06-24,D242,6.00,,Wedgwood,Decor,Plates,,1,
Alaska Travel Eagles T-Shirt,2023-06-25,C503,3.99,,,Clothing,T-Shirts,,,
Blue Dinosaurs T-Shirt,2023-06-25,C507,9.99,,,Clothing,T-Shirts,,,
Bongo White Shorts,2023-06-25,C508,5.49,,Bongo,Clothing,Shorts,,,
California Things White Lace Shawl,2023-06-25,C511,3.49,,California Things,Clothing,Shawls,,,
DARE Black T-Shirt,2023-06-25,C514,4.99,,DARE,Clothing,T-Shirts,,,
Delicates Pink Lingerie Set,2023-06-25,C515,5.99,,Delicates,Clothing,Lingerie Sets,,,
Dun Dee Leather Embossed Belt,2023-06-25,C516,3.49,,Dun Dee,Clothing,Leather Belts,,,
Handblown Glass Bud Vase,2023-06-25,D191,1.29,13.00,,Decor,Vases,,,
Katiana Couture Black Genuine Leather Jacket,2023-06-25,C520,9.99,59.00,Katiana Couture,Clothing,Leather Jackets,,,
Large Gold Woven Belt,2023-06-25,C521,2.49,,,Clothing,Leather Belts,,,
Levi's Baby Denim Jacket,2023-06-25,C522,1.79,,Levi's,Clothing,Baby Jackets,,,
Libbey Squiggle Stem Martini Glasses,2023-06-25,D210,2.98,,Libbey,Decor,Martini Glasses,,,
Monster Jam El Diablo T-Shirt,2023-06-25,C524,1.49,,Monster Jam,Clothing,T-Shirts,,,
Nancy Drew #10,2023-06-25,D213,1.29,,Carolyn Keene,Decor,Books,,,
Nancy Drew #3,2023-06-25,D214,1.29,,Carolyn Keene,Decor,Books,,,
Nancy Drew #33,2023-06-25,D215,1.29,,Carolyn Keene,Decor,Books,,,
Nancy Drew #38,2023-06-25,D216,1.29,,Carolyn Keene,Decor,Books,,,
Olsen Leather Jaguar Head Belt,2023-06-25,C525,4.49,,Olsen,Clothing,Leather Belts,1,,
Sedu White Floral Slip Dress,2023-06-25,C530,3.99,,Sedu,Clothing,Slip Dresses,,,
Surfware Woven Sun Hat,2023-06-25,C535,3.49,,Surfware,Clothing,Sun Hats,,,
White Woven Edge Round Tablecloth,2023-06-25,D244,4.49,,,Decor,Tablecloths,,,
Yves Saint Laurent Suede Jacket,2023-06-25,C501,5.99,,Yves Saint Laurent,Clothing,Jackets,,,
Adolph Schuman Pink Union Made Skirt Suit Set,2023-06-26,C502,8.00,,Adolph Schuman,Clothing,Two-Piece Sets,,,
Brass Heavy Jewelry Box,2023-06-26,D164,15.00,,,Decor,Jewelry Boxes,,,
Girl Scout Patches,2023-06-26,C518,5.00,,,Clothing,Patches,,,
Indiana Glass Company Madrid Pink Goblets,2023-06-26,D194,6.00,,Indiana Glass Company,Decor,Goblets,,,
Minkpink Leopard Print Dress,2023-06-26,C523,8.00,35.00,Minkpink,Clothing,Mini Dresses,,,
Silver Horse Head Necklace,2023-06-26,C531,10.00,,,Clothing,Necklaces,,1,
White Shell Beaded Necklace,2023-06-26,C539,5.00,,,Clothing,Necklaces,,,
Avon Glass Eiffel Tower Bottle,2023-06-28,D161,3.49,13.00,Avon,Decor,Bottles,,,
Bill Johnson Big Apple Arizona T-Shirt,2023-06-28,C504,2.29,,Arizona,Clothing,T-Shirts,,,
Cabin Creek Denim Chore Jacket,2023-06-28,C509,5.99,,Cabin Creek,Clothing,Denim Jackets,,,
California Dynasty White Floral Tank Top,2023-06-28,C510,3.49,,California Dynasty,Clothing,Tank Tops,,,
Carved Stone Siesta Man Toothpick Holder,2023-06-28,D167,8.50,13.00,,Decor,Paperweights,,1,
Circa 2000 Pink and Black Romper,2023-06-28,C513,3.49,23.00,Circa 2000,Clothing,Rompers,,,
Clear Large Crystal Ashtray,2023-06-28,D172,5.49,19.00,,Decor,Ashtrays,,,
Gold Rose Ornate Jewelry Box,2023-06-28,D186,33.00,49.00,,Decor,Jewelry Boxes,,,
Gold Rose Paper Towel Holder,2023-06-28,D187,23.00,35.00,,Decor,Towel Holders,,,
Golden Harvest Red Chili Pepper Tumbler Glasses,2023-06-28,D227,1.98,13.00,Golden Harvest,Decor,Tumblers,,,
Golden Harvest Red Chili Pepper Tumbler Glasses,2023-06-28,D228,1.98,11.00,Golden Harvest,Decor,Tumblers,,,
Golden Harvest Red Chili Pepper Tumbler Glasses,2023-06-28,D229,1.98,11.00,Golden Harvest,Decor,Tumblers,,,
Jeannette Greek Ladies Glass,2023-06-28,D196,1.49,,Jeannette,Decor,Tumblers,,,
Skims Black Tank Top Lounge Set,2023-06-28,C532,3.49,,Skims,Clothing,Lounge Sets,,,
Steffano Worldwide Medium Wash Denim Jacket,2023-06-28,C534,5.99,,Steffano Worldwide,Clothing,Denim Jackets,,,
Turf Paradise T-Shirt,2023-06-28,C537,2.29,,,Clothing,T-Shirts,,,
Victoria's Secret Cheetah Print Slip Dress,2023-06-28,C538,14.49,29.00,Victoria's Secret,Clothing,Slip Dresses,,,
Zana Di Dark Wash Denim Jacket,2023-06-28,C500,6.49,,Zana D,Clothing,Denim Jackets,,,
Black Cat Jeweled Trinket Box,2023-06-29,D246,2.49,,,Decor,Trinket Boxes,,,
DeGrazia Flower Boy Small Wood Plaque,2023-06-29,D177,3.50,11.00,DeGrazia,Decor,Wall Hangings,,,
DeGrazia Sunflower Small Wood Plaque,2023-06-29,D178,3.50,11.00,DeGrazia,Decor,Wall Hangings,,,
Metallic Ranch Framed Art,2023-06-29,D212,6.99,,,Decor,Framed Art,,,
Our National Parks Coffee Table Book,2023-06-29,D220,3.00,,,Decor,Coffee Table Books,,,
Purple Wolf T-Shirt,2023-06-29,C529,8.00,,,Clothing,T-Shirts,,,
Red Bridge Crewel,2023-06-29,D226,5.00,15.00,,Decor,Crewels,,,
Southwest Brown Tie Dye T-Shirt,2023-06-29,C533,6.00,,,Clothing,T-Shirts,,,
Wedgwood Blue Chariot Plate,2023-06-29,D241,2.50,,Wedgwood,Decor,Plates,,,
Anchor Hocking Forest Green Large Square Ashtray,2023-06-30,D152,8.49,17.00,Anchor Hocking,Decor,Ashtrays,,,
Anchor Hocking Forest Green Small Square Ashtray,2023-06-30,D153,6.49,11.00,Anchor Hocking,Decor,Ashtrays,,,
Colony Park Lane Amber Goblets,2023-06-30,D173,7.49,19.00,Colony,Decor,Goblets,,,
Copper Peacock Frame,2023-06-30,D174,6.99,69.00,,Decor,Framed Art,,,
Dot Hoover Horseshoe Painting,2023-06-30,D179,4.49,35.00,,Decor,Framed Art,,,
Anchor Hocking Georgian Amber Goblets,2023-07-01,D154,6.98,,Anchor Hocking,Decor,Goblets,,,
Phoenix Bolo Tie,2023-07-01,C499,8.00,,,Clothing,Bolo Ties,,,
Tigerseye Bolo Tie,2023-07-01,C498,8.00,,,Clothing,Bolo Ties,,,
Black Vietnam Veteran Snap Back Hat,2023-07-06,C541,4.49,,,Clothing,Snap Backs,,,
Brass and Stone Scale,2023-07-06,D247,15.00,,,Decor,Scales,,,
Brushy Creek Full Grain Western Leather Belt,2023-07-06,C542,1.49,,Brushy Creek,Clothing,Western Belts,,,
Dan Post Brown Cowboy Boots,2023-07-06,C543,19.49,,Dan Post,Clothing,Cowboy Boots,,,
Gold Tipped Rope Belt,2023-07-06,C544,1.49,,,Clothing,Woven Belts,,,
Lauren Ralph Lauren Dark Brown Leather Belt,2023-07-06,C545,1.49,,Lauren Ralph Lauren,Clothing,Leather Belts,,,
LGB Frosty the Snowman,2023-07-06,D248,1.00,,Little Golden Books,Decor,Childrens Books,,,
Southwest Art May 1980 Magazine,2023-07-06,D249,1.00,,Southwest Art,Decor,Magazines,,,
